[
  {
    "city": "Madrid",
    "name": "Adolfo Suárez Madrid-Barajas",
    "iata": "MAD",
    "country": "Spain",
    "translations": {
      "es": {
        "country": "España"
      }
    }
  },
  {
    "city": "Barcelona",
    "name": "Barcelona-El Prat",
    "iata": "BCN",
    "country": "Spain",
    "translations": {
      "es": {
        "country": "España"
      }
    }
  },
  {
    "city": "Malaga",
    "name": "Málaga-Costa del Sol Airport",
    "iata": "AGP",
    "country": "Spain",
    "translations": {
      "es": {
        "city": "Málaga",
        "name": "Aeropuerto de Málaga-Costa del Sol",
        "country": "España"
      }
    }
  },
  {
    "city": "Palma de Mallorca",
    "name": "Palma de Mallorca Airport",
    "iata": "PMI",
    "country": "Spain",
    "translations": {
      "es": {
        "name": "Aeropuerto de Palma de Mallorca",
        "country": "España"
      }
    }
  },
  {
    "city": "Alicante",
    "name": "Alicante-Elche Airport",
    "iata": "ALC",
    "country": "Spain",
    "translations": {
      "es": {
        "name": "Aeropuerto de Alicante-Elche",
        "country": "España"
      }
    }
  },
  {
    "city": "Valencia",
    "name": "Valencia Airport",
    "iata": "VLC",
    "country": "Spain",
    "translations": {
      "es": {
        "name": "Aeropuerto de Valencia",
        "country": "España"
      }
    }
  },
  {
    "city": "Seville",
    "name": "Seville Airport",
    "iata": "SVQ",
    "country": "Spain",
    "translations": {
      "es": {
        "city": "Sevilla",
        "name": "Aeropuerto de Sevilla",
        "country": "España"
      }
    }
  },
  {
    "city": "Bilbao",
    "name": "Bilbao Airport",
    "iata": "BIO",
    "country": "Spain",
    "translations": {
      "es": {
        "name": "Aeropuerto de Bilbao",
        "country": "España"
      }
    }
  },
  {
    "city": "Gran Canaria",
    "name": "Gran Canaria Airport",
    "iata": "LPA",
    "country": "Spain",
    "translations": {
      "es": {
        "name": "Aeropuerto de Gran Canaria",
        "country": "España"
      }
    }
  },
  {
    "city": "Tenerife",
    "name": "Tenerife South Airport",
    "iata": "TFS",
    "country": "Spain",
    "translations": {
      "es": {
        "name": "Aeropuerto de Tenerife Sur",
        "country": "España"
      }
    }
  },
  {
    "city": "Tenerife",
    "name": "Tenerife North Airport",
    "iata": "TFN",
    "country": "Spain",
    "translations": {
      "es": {
        "name": "Aeropuerto de Tenerife Norte",
        "country": "España"
      }
    }
  },
  {
    "city": "Ibiza",
    "name": "Ibiza Airport",
    "iata": "IBZ",
    "country": "Spain",
    "translations": {
      "es": {
        "name": "Aeropuerto de Ibiza",
        "country": "España"
      }
    }
  },
  {
    "city": "Santiago de Compostela",
    "name": "Santiago de Compostela Airport",
    "iata": "SCQ",
    "country": "Spain",
    "translations": {
      "es": {
        "name": "Aeropuerto de Santiago de Compostela",
        "country": "España"
      }
    }
  },
  {
    "city": "London",
    "name": "Heathrow Airport",
    "iata": "LHR",
    "country": "United Kingdom",
    "translations": {
      "es": {
        "city": "Londres",
        "name": "Aeropuerto de Heathrow",
        "country": "Reino Unido"
      }
    }
  },
  {
    "city": "Paris",
    "name": "Charles de Gaulle Airport",
    "iata": "CDG",
    "country": "France",
    "translations": {
      "es": {
        "city": "París",
        "name": "Aeropuerto Charles de Gaulle",
        "country": "Francia"
      }
    }
  },
  {
    "city": "New York",
    "name": "John F. Kennedy International Airport",
    "iata": "JFK",
    "country": "United States",
    "translations": {
      "es": {
        "city": "Nueva York",
        "name": "Aeropuerto Internacional John F. Kennedy",
        "country": "Estados Unidos"
      }
    }
  },
  {
    "city": "Amsterdam",
    "name": "Amsterdam Airport Schiphol",
    "iata": "AMS",
    "country": "Netherlands",
    "translations": {
      "es": {
        "city": "Ámsterdam",
        "name": "Aeropuerto de Schiphol",
        "country": "Países Bajos"
      }
    }
  },
  {
    "city": "Rome",
    "name": "Leonardo da Vinci International Airport",
    "iata": "FCO",
    "country": "Italy",
    "translations": {
      "es": {
        "city": "Roma",
        "name": "Aeropuerto Internacional Leonardo da Vinci",
        "country": "Italia"
      }
    }
  },
  {
    "city": "Dubai",
    "name": "Dubai International Airport",
    "iata": "DXB",
    "country": "United Arab Emirates",
    "translations": {
      "es": {
        "city": "Dubái",
        "name": "Aeropuerto Internacional de Dubái",
        "country": "Emiratos Árabes Unidos"
      }
    }
  },
  {
    "city": "Tokyo",
    "name": "Narita International Airport",
    "iata": "NRT",
    "country": "Japan",
    "translations": {
      "es": {
        "city": "Tokio",
        "name": "Aeropuerto Internacional de Narita",
        "country": "Japón"
      }
    }
  },
  {
    "city": "Singapore",
    "name": "Singapore Changi Airport",
    "iata": "SIN",
    "country": "Singapore",
    "translations": {
      "es": {
        "city": "Singapur",
        "name": "Aeropuerto de Changi",
        "country": "Singapur"
      }
    }
  },
  {
    "city": "Sydney",
    "name": "Sydney Airport",
    "iata": "SYD",
    "country": "Australia",
    "translations": {
      "es": {
        "city": "Sídney",
        "name": "Aeropuerto de Sídney",
        "country": "Australia"
      }
    }
  },
  {
    "city": "Istanbul",
    "name": "Istanbul Airport",
    "iata": "IST",
    "country": "Turkey",
    "translations": {
      "es": {
        "city": "Estambul",
        "name": "Aeropuerto de Estambul",
        "country": "Turquía"
      }
    }
  },
  {
    "city": "Frankfurt",
    "name": "Frankfurt Airport",
    "iata": "FRA",
    "country": "Germany",
    "translations": {
      "es": {
        "city": "Fráncfort",
        "name": "Aeropuerto de Fráncfort",
        "country": "Alemania"
      }
    }
  },
  {
    "city": "Hong Kong",
    "name": "Hong Kong International Airport",
    "iata": "HKG",
    "country": "China",
    "translations": {
      "es": {
        "city": "Hong Kong",
        "name": "Aeropuerto Internacional de Hong Kong",
        "country": "China"
      }
    }
  },
  {
    "city": "Seoul",
    "name": "Incheon International Airport",
    "iata": "ICN",
    "country": "South Korea",
    "translations": {
      "es": {
        "city": "Seúl",
        "name": "Aeropuerto Internacional de Incheon",
        "country": "Corea del Sur"
      }
    }
  },
  {
    "city": "Milan",
    "name": "Milan Malpensa Airport",
    "iata": "MXP",
    "country": "Italy",
    "translations": {
      "es": {
        "city": "Milán",
        "name": "Aeropuerto de Milán-Malpensa",
        "country": "Italia"
      }
    }
  },
  {
    "city": "Venice",
    "name": "Venice Marco Polo Airport",
    "iata": "VCE",
    "country": "Italy",
    "translations": {
      "es": {
        "city": "Venecia",
        "name": "Aeropuerto Marco Polo de Venecia",
        "country": "Italia"
      }
    }
  },
  {
    "city": "Naples",
    "name": "Naples International Airport",
    "iata": "NAP",
    "country": "Italy",
    "translations": {
      "es": {
        "city": "Nápoles",
        "name": "Aeropuerto Internacional de Nápoles",
        "country": "Italia"
      }
    }
  },
  {
    "city": "Nice",
    "name": "Nice Côte d'Azur Airport",
    "iata": "NCE",
    "country": "France",
    "translations": {
      "es": {
        "city": "Niza",
        "name": "Aeropuerto de Niza-Costa Azul",
        "country": "Francia"
      }
    }
  },
  {
    "city": "Lyon",
    "name": "Lyon-Saint Exupéry Airport",
    "iata": "LYS",
    "country": "France",
    "translations": {
      "es": {
        "city": "Lyon",
        "name": "Aeropuerto de Lyon-Saint Exupéry",
        "country": "Francia"
      }
    }
  },
  {
    "city": "Marseille",
    "name": "Marseille Provence Airport",
    "iata": "MRS",
    "country": "France",
    "translations": {
      "es": {
        "city": "Marsella",
        "name": "Aeropuerto de Marsella Provenza",
        "country": "Francia"
      }
    }
  },
  {
    "city": "Lisbon",
    "name": "Lisbon Airport",
    "iata": "LIS",
    "country": "Portugal",
    "translations": {
      "es": {
        "city": "Lisboa",
        "name": "Aeropuerto de Lisboa",
        "country": "Portugal"
      }
    }
  },
  {
    "city": "Porto",
    "name": "Francisco Sá Carneiro Airport",
    "iata": "OPO",
    "country": "Portugal",
    "translations": {
      "es": {
        "city": "Oporto",
        "name": "Aeropuerto Francisco Sá Carneiro",
        "country": "Portugal"
      }
    }
  },
  {
    "city": "Faro",
    "name": "Faro Airport",
    "iata": "FAO",
    "country": "Portugal",
    "translations": {
      "es": {
        "name": "Aeropuerto de Faro",
        "country": "Portugal"
      }
    }
  },
  {
    "city": "Athens",
    "name": "Athens International Airport",
    "iata": "ATH",
    "country": "Greece",
    "translations": {
      "es": {
        "city": "Atenas",
        "name": "Aeropuerto Internacional de Atenas",
        "country": "Grecia"
      }
    }
  },
  {
    "city": "Thessaloniki",
    "name": "Thessaloniki Airport",
    "iata": "SKG",
    "country": "Greece",
    "translations": {
      "es": {
        "city": "Tesalónica",
        "name": "Aeropuerto de Tesalónica",
        "country": "Grecia"
      }
    }
  },
  {
    "city": "Heraklion",
    "name": "Heraklion International Airport",
    "iata": "HER",
    "country": "Greece",
    "translations": {
      "es": {
        "city": "Heraclión",
        "name": "Aeropuerto Internacional de Heraclión",
        "country": "Grecia"
      }
    }
  },
  {
    "city": "Rhodes",
    "name": "Rhodes International Airport",
    "iata": "RHO",
    "country": "Greece",
    "translations": {
      "es": {
        "city": "Rodas",
        "name": "Aeropuerto Internacional de Rodas",
        "country": "Grecia"
      }
    }
  },
  {
    "city": "Osaka",
    "name": "Kansai International Airport",
    "iata": "KIX",
    "country": "Japan",
    "translations": {
      "es": {
        "city": "Osaka",
        "name": "Aeropuerto Internacional de Kansai",
        "country": "Japón"
      }
    }
  },
  {
    "city": "Fukuoka",
    "name": "Fukuoka Airport",
    "iata": "FUK",
    "country": "Japan",
    "translations": {
      "es": {
        "name": "Aeropuerto de Fukuoka",
        "country": "Japón"
      }
    }
  },
  {
    "city": "Los Angeles",
    "name": "Los Angeles International Airport",
    "iata": "LAX",
    "country": "United States",
    "translations": {
      "es": {
        "city": "Los Ángeles",
        "name": "Aeropuerto Internacional de Los Ángeles",
        "country": "Estados Unidos"
      }
    }
  },
  {
    "city": "Chicago",
    "name": "O'Hare International Airport",
    "iata": "ORD",
    "country": "United States",
    "translations": {
      "es": {
        "name": "Aeropuerto Internacional O'Hare",
        "country": "Estados Unidos"
      }
    }
  },
  {
    "city": "Miami",
    "name": "Miami International Airport",
    "iata": "MIA",
    "country": "United States",
    "translations": {
      "es": {
        "name": "Aeropuerto Internacional de Miami",
        "country": "Estados Unidos"
      }
    }
  },
  {
    "city": "San Francisco",
    "name": "San Francisco International Airport",
    "iata": "SFO",
    "country": "United States",
    "translations": {
      "es": {
        "name": "Aeropuerto Internacional de San Francisco",
        "country": "Estados Unidos"
      }
    }
  },
  {
    "city": "Casablanca",
    "name": "Mohammed V International Airport",
    "iata": "CMN",
    "country": "Morocco",
    "translations": {
      "es": {
        "name": "Aeropuerto Internacional Mohammed V",
        "country": "Marruecos"
      }
    }
  },
  {
    "city": "Marrakesh",
    "name": "Marrakesh Menara Airport",
    "iata": "RAK",
    "country": "Morocco",
    "translations": {
      "es": {
        "city": "Marrakech",
        "name": "Aeropuerto de Marrakech-Menara",
        "country": "Marruecos"
      }
    }
  },
  {
    "city": "Tangier",
    "name": "Tangier Ibn Battouta Airport",
    "iata": "TNG",
    "country": "Morocco",
    "translations": {
      "es": {
        "city": "Tánger",
        "name": "Aeropuerto de Tánger-Ibn Batouta",
        "country": "Marruecos"
      }
    }
  },
  {
    "city": "Reykjavik",
    "name": "Keflavík International Airport",
    "iata": "KEF",
    "country": "Iceland",
    "translations": {
      "es": {
        "city": "Reikiavik",
        "name": "Aeropuerto Internacional de Keflavík",
        "country": "Islandia"
      }
    }
  },
  {
    "city": "Reykjavik",
    "name": "Reykjavik Airport",
    "iata": "RKV",
    "country": "Iceland",
    "translations": {
      "es": {
        "city": "Reikiavik",
        "name": "Aeropuerto de Reikiavik",
        "country": "Islandia"
      }
    }
  },
  {
    "city": "Zurich",
    "name": "Zurich Airport",
    "iata": "ZRH",
    "country": "Switzerland",
    "translations": {
      "es": {
        "city": "Zúrich",
        "name": "Aeropuerto de Zúrich",
        "country": "Suiza"
      }
    }
  },
  {
    "city": "Geneva",
    "name": "Geneva Airport",
    "iata": "GVA",
    "country": "Switzerland",
    "translations": {
      "es": {
        "city": "Ginebra",
        "name": "Aeropuerto de Ginebra",
        "country": "Suiza"
      }
    }
  },
  {
    "city": "Basel",
    "name": "EuroAirport Basel Mulhouse Freiburg",
    "iata": "BSL",
    "country": "Switzerland",
    "translations": {
      "es": {
        "city": "Basilea",
        "name": "EuroAirport Basilea-Mulhouse-Friburgo",
        "country": "Suiza"
      }
    }
  },
  {
    "city": "Rotterdam",
    "name": "Rotterdam The Hague Airport",
    "iata": "RTM",
    "country": "Netherlands",
    "translations": {
      "es": {
        "city": "Róterdam",
        "name": "Aeropuerto de Róterdam-La Haya",
        "country": "Países Bajos"
      }
    }
  },
  {
    "city": "Eindhoven",
    "name": "Eindhoven Airport",
    "iata": "EIN",
    "country": "Netherlands",
    "translations": {
      "es": {
        "name": "Aeropuerto de Eindhoven",
        "country": "Países Bajos"
      }
    }
  },
  {
    "city": "Antalya",
    "name": "Antalya Airport",
    "iata": "AYT",
    "country": "Turkey",
    "translations": {
      "es": {
        "name": "Aeropuerto de Antalya",
        "country": "Turquía"
      }
    }
  },
  {
    "city": "Ankara",
    "name": "Ankara Esenboğa Airport",
    "iata": "ESB",
    "country": "Turkey",
    "translations": {
      "es": {
        "name": "Aeropuerto de Ankara-Esenboğa",
        "country": "Turquía"
      }
    }
  },
  {
    "city": "Izmir",
    "name": "Izmir Adnan Menderes Airport",
    "iata": "ADB",
    "country": "Turkey",
    "translations": {
      "es": {
        "city": "Esmirna",
        "name": "Aeropuerto Adnan Menderes de Esmirna",
        "country": "Turquía"
      }
    }
  },
  {
    "city": "Cairo",
    "name": "Cairo International Airport",
    "iata": "CAI",
    "country": "Egypt",
    "translations": {
      "es": {
        "city": "El Cairo",
        "name": "Aeropuerto Internacional de El Cairo",
        "country": "Egipto"
      }
    }
  },
  {
    "city": "Hurghada",
    "name": "Hurghada International Airport",
    "iata": "HRG",
    "country": "Egypt",
    "translations": {
      "es": {
        "name": "Aeropuerto Internacional de Hurghada",
        "country": "Egipto"
      }
    }
  },
  {
    "city": "Sharm El Sheikh",
    "name": "Sharm El Sheikh International Airport",
    "iata": "SSH",
    "country": "Egypt",
    "translations": {
      "es": {
        "city": "Sharm el-Sheij",
        "name": "Aeropuerto Internacional de Sharm el-Sheij",
        "country": "Egipto"
      }
    }
  },
  {
    "city": "Luxor",
    "name": "Luxor International Airport",
    "iata": "LXR",
    "country": "Egypt",
    "translations": {
      "es": {
        "name": "Aeropuerto Internacional de Luxor",
        "country": "Egipto"
      }
    }
  },
  {
    "city": "Bangkok",
    "name": "Suvarnabhumi Airport",
    "iata": "BKK",
    "country": "Thailand",
    "translations": {
      "es": {
        "name": "Aeropuerto de Suvarnabhumi",
        "country": "Tailandia"
      }
    }
  },
  {
    "city": "Phuket",
    "name": "Phuket International Airport",
    "iata": "HKT",
    "country": "Thailand",
    "translations": {
      "es": {
        "name": "Aeropuerto Internacional de Phuket",
        "country": "Tailandia"
      }
    }
  },
  {
    "city": "Chiang Mai",
    "name": "Chiang Mai International Airport",
    "iata": "CNX",
    "country": "Thailand",
    "translations": {
      "es": {
        "name": "Aeropuerto Internacional de Chiang Mai",
        "country": "Tailandia"
      }
    }
  },
  {
    "city": "Ho Chi Minh City",
    "name": "Tan Son Nhat International Airport",
    "iata": "SGN",
    "country": "Vietnam",
    "translations": {
      "es": {
        "city": "Ciudad Ho Chi Minh",
        "name": "Aeropuerto Internacional Tan Son Nhat",
        "country": "Vietnam"
      }
    }
  },
  {
    "city": "Hanoi",
    "name": "Noi Bai International Airport",
    "iata": "HAN",
    "country": "Vietnam",
    "translations": {
      "es": {
        "city": "Hanói",
        "name": "Aeropuerto Internacional de Noi Bai",
        "country": "Vietnam"
      }
    }
  },
  {
    "city": "Da Nang",
    "name": "Da Nang International Airport",
    "iata": "DAD",
    "country": "Vietnam",
    "translations": {
      "es": {
        "city": "Da Nang",
        "name": "Aeropuerto Internacional de Da Nang",
        "country": "Vietnam"
      }
    }
  },
  {
    "city": "Delhi",
    "name": "Indira Gandhi International Airport",
    "iata": "DEL",
    "country": "India",
    "translations": {
      "es": {
        "name": "Aeropuerto Internacional Indira Gandhi",
        "country": "India"
      }
    }
  },
  {
    "city": "Mumbai",
    "name": "Chhatrapati Shivaji Maharaj International Airport",
    "iata": "BOM",
    "country": "India",
    "translations": {
      "es": {
        "city": "Bombay",
        "name": "Aeropuerto Internacional Chhatrapati Shivaji Maharaj",
        "country": "India"
      }
    }
  },
  {
    "city": "Bangalore",
    "name": "Kempegowda International Airport",
    "iata": "BLR",
    "country": "India",
    "translations": {
      "es": {
        "city": "Bangalore",
        "name": "Aeropuerto Internacional de Kempegowda",
        "country": "India"
      }
    }
  },
  {
    "city": "Chennai",
    "name": "Chennai International Airport",
    "iata": "MAA",
    "country": "India",
    "translations": {
      "es": {
        "city": "Chennai",
        "name": "Aeropuerto Internacional de Chennai",
        "country": "India"
      }
    }
  },
  {
    "city": "Beijing",
    "name": "Beijing Capital International Airport",
    "iata": "PEK",
    "country": "China",
    "translations": {
      "es": {
        "city": "Pekín",
        "name": "Aeropuerto Internacional de Pekín-Capital",
        "country": "China"
      }
    }
  },
  {
    "city": "Shanghai",
    "name": "Shanghai Pudong International Airport",
    "iata": "PVG",
    "country": "China",
    "translations": {
      "es": {
        "city": "Shanghái",
        "name": "Aeropuerto Internacional de Shanghái-Pudong",
        "country": "China"
      }
    }
  },
  {
    "city": "Guangzhou",
    "name": "Guangzhou Baiyun International Airport",
    "iata": "CAN",
    "country": "China",
    "translations": {
      "es": {
        "city": "Cantón",
        "name": "Aeropuerto Internacional de Cantón-Baiyun",
        "country": "China"
      }
    }
  },
  {
    "city": "Shenzhen",
    "name": "Shenzhen Bao'an International Airport",
    "iata": "SZX",
    "country": "China",
    "translations": {
      "es": {
        "name": "Aeropuerto Internacional de Shenzhen-Bao'an",
        "country": "China"
      }
    }
  },
  {
    "city": "Melbourne",
    "name": "Melbourne Airport",
    "iata": "MEL",
    "country": "Australia",
    "translations": {
      "es": {
        "city": "Melbourne",
        "name": "Aeropuerto de Melbourne",
        "country": "Australia"
      }
    }
  },
  {
    "city": "Brisbane",
    "name": "Brisbane Airport",
    "iata": "BNE",
    "country": "Australia",
    "translations": {
      "es": {
        "name": "Aeropuerto de Brisbane",
        "country": "Australia"
      }
    }
  },
  {
    "city": "Perth",
    "name": "Perth Airport",
    "iata": "PER",
    "country": "Australia",
    "translations": {
      "es": {
        "name": "Aeropuerto de Perth",
        "country": "Australia"
      }
    }
  },
  {
    "city": "Gold Coast",
    "name": "Gold Coast Airport",
    "iata": "OOL",
    "country": "Australia",
    "translations": {
      "es": {
        "city": "Costa Dorada",
        "name": "Aeropuerto de Gold Coast",
        "country": "Australia"
      }
    }
  },
  {
    "city": "Auckland",
    "name": "Auckland Airport",
    "iata": "AKL",
    "country": "New Zealand",
    "translations": {
      "es": {
        "city": "Auckland",
        "name": "Aeropuerto de Auckland",
        "country": "Nueva Zelanda"
      }
    }
  },
  {
    "city": "Christchurch",
    "name": "Christchurch International Airport",
    "iata": "CHC",
    "country": "New Zealand",
    "translations": {
      "es": {
        "name": "Aeropuerto Internacional de Christchurch",
        "country": "Nueva Zelanda"
      }
    }
  },
  {
    "city": "Wellington",
    "name": "Wellington International Airport",
    "iata": "WLG",
    "country": "New Zealand",
    "translations": {
      "es": {
        "name": "Aeropuerto Internacional de Wellington",
        "country": "Nueva Zelanda"
      }
    }
  },
  {
    "city": "Queenstown",
    "name": "Queenstown Airport",
    "iata": "ZQN",
    "country": "New Zealand",
    "translations": {
      "es": {
        "name": "Aeropuerto de Queenstown",
        "country": "Nueva Zelanda"
      }
    }
  },
  {
    "city": "Mexico City",
    "name": "Mexico City International Airport",
    "iata": "MEX",
    "country": "Mexico",
    "translations": {
      "es": {
        "city": "Ciudad de México",
        "name": "Aeropuerto Internacional de la Ciudad de México",
        "country": "México"
      }
    }
  },
  {
    "city": "Cancun",
    "name": "Cancun International Airport",
    "iata": "CUN",
    "country": "Mexico",
    "translations": {
      "es": {
        "city": "Cancún",
        "name": "Aeropuerto Internacional de Cancún",
        "country": "México"
      }
    }
  },
  {
    "city": "Guadalajara",
    "name": "Guadalajara International Airport",
    "iata": "GDL",
    "country": "Mexico",
    "translations": {
      "es": {
        "name": "Aeropuerto Internacional de Guadalajara",
        "country": "México"
      }
    }
  },
  {
    "city": "Monterrey",
    "name": "Monterrey International Airport",
    "iata": "MTY",
    "country": "Mexico",
    "translations": {
      "es": {
        "name": "Aeropuerto Internacional de Monterrey",
        "country": "México"
      }
    }
  },
  {
    "city": "Puerto Vallarta",
    "name": "Licenciado Gustavo Díaz Ordaz International Airport",
    "iata": "PVR",
    "country": "Mexico",
    "translations": {
      "es": {
        "name": "Aeropuerto Internacional Licenciado Gustavo Díaz Ordaz",
        "country": "México"
      }
    }
  },
  {
    "city": "Guatemala City",
    "name": "La Aurora International Airport",
    "iata": "GUA",
    "country": "Guatemala",
    "translations": {
      "es": {
        "city": "Ciudad de Guatemala",
        "name": "Aeropuerto Internacional La Aurora",
        "country": "Guatemala"
      }
    }
  },
  {
    "city": "San Salvador",
    "name": "El Salvador International Airport",
    "iata": "SAL",
    "country": "El Salvador",
    "translations": {
      "es": {
        "name": "Aeropuerto Internacional de El Salvador",
        "country": "El Salvador"
      }
    }
  },
  {
    "city": "Tegucigalpa",
    "name": "Toncontín International Airport",
    "iata": "TGU",
    "country": "Honduras",
    "translations": {
      "es": {
        "name": "Aeropuerto Internacional Toncontín",
        "country": "Honduras"
      }
    }
  },
  {
    "city": "San Pedro Sula",
    "name": "Ramón Villeda Morales International Airport",
    "iata": "SAP",
    "country": "Honduras",
    "translations": {
      "es": {
        "name": "Aeropuerto Internacional Ramón Villeda Morales",
        "country": "Honduras"
      }
    }
  },
  {
    "city": "Managua",
    "name": "Augusto C. Sandino International Airport",
    "iata": "MGA",
    "country": "Nicaragua",
    "translations": {
      "es": {
        "name": "Aeropuerto Internacional Augusto C. Sandino",
        "country": "Nicaragua"
      }
    }
  },
  {
    "city": "San José",
    "name": "Juan Santamaría International Airport",
    "iata": "SJO",
    "country": "Costa Rica",
    "translations": {
      "es": {
        "name": "Aeropuerto Internacional Juan Santamaría",
        "country": "Costa Rica"
      }
    }
  },
  {
    "city": "Liberia",
    "name": "Daniel Oduber Quirós International Airport",
    "iata": "LIR",
    "country": "Costa Rica",
    "translations": {
      "es": {
        "name": "Aeropuerto Internacional Daniel Oduber Quirós",
        "country": "Costa Rica"
      }
    }
  },
  {
    "city": "Panama City",
    "name": "Tocumen International Airport",
    "iata": "PTY",
    "country": "Panama",
    "translations": {
      "es": {
        "city": "Ciudad de Panamá",
        "name": "Aeropuerto Internacional de Tocumen",
        "country": "Panamá"
      }
    }
  },
  {
    "city": "Belize City",
    "name": "Philip S. W. Goldson International Airport",
    "iata": "BZE",
    "country": "Belize",
    "translations": {
      "es": {
        "city": "Ciudad de Belice",
        "name": "Aeropuerto Internacional Philip S. W. Goldson",
        "country": "Belice"
      }
    }
  }
]
