[
    {
        "name": "Afganistán",
        "code": "AF"
    },
    {
        "name": "Islas Åland",
        "code": "AX"
    },
    {
        "name": "Albania",
        "code": "AL"
    },
    {
        "name": "Argelia",
        "code": "DZ"
    },
    {
        "name": "Samoa Americana",
        "code": "AS"
    },
    {
        "name": "Andorra",
        "code": "AD"
    },
    {
        "name": "Angola",
        "code": "AO"
    },
    {
        "name": "Anguila",
        "code": "AI"
    },
    {
        "name": "Antártida",
        "code": "AQ"
    },
    {
        "name": "Antigua y Barbuda",
        "code": "AG"
    },
    {
        "name": "Argentina",
        "code": "AR"
    },
    {
        "name": "Armenia",
        "code": "AM"
    },
    {
        "name": "Aruba",
        "code": "AW"
    },
    {
        "name": "Australia",
        "code": "AU"
    },
    {
        "name": "Austria",
        "code": "AT"
    },
    {
        "name": "Azerbaiyán",
        "code": "AZ"
    },
    {
        "name": "Bahamas",
        "code": "BS"
    },
    {
        "name": "Baréin",
        "code": "BH"
    },
    {
        "name": "Bangladés",
        "code": "BD"
    },
    {
        "name": "Barbados",
        "code": "BB"
    },
    {
        "name": "Bielorrusia",
        "code": "BY"
    },
    {
        "name": "Bélgica",
        "code": "BE"
    },
    {
        "name": "Belice",
        "code": "BZ"
    },
    {
        "name": "Benín",
        "code": "BJ"
    },
    {
        "name": "Bermudas",
        "code": "BM"
    },
    {
        "name": "Bután",
        "code": "BT"
    },
    {
        "name": "Bolivia, Estado Plurinacional de",
        "code": "BO"
    },
    {
        "name": "Bonaire, San Eustaquio y Saba",
        "code": "BQ"
    },
    {
        "name": "Bosnia y Herzegovina",
        "code": "BA"
    },
    {
        "name": "Botsuana",
        "code": "BW"
    },
    {
        "name": "Isla Bouvet",
        "code": "BV"
    },
    {
        "name": "Brasil",
        "code": "BR"
    },
    {
        "name": "Territorio Británico del Océano Índico",
        "code": "IO"
    },
    {
        "name": "Brunéi Darussalam",
        "code": "BN"
    },
    {
        "name": "Bulgaria",
        "code": "BG"
    },
    {
        "name": "Burkina Faso",
        "code": "BF"
    },
    {
        "name": "Burundi",
        "code": "BI"
    },
    {
        "name": "Camboya",
        "code": "KH"
    },
    {
        "name": "Camerún",
        "code": "CM"
    },
    {
        "name": "Canadá",
        "code": "CA"
    },
    {
        "name": "Cabo Verde",
        "code": "CV"
    },
    {
        "name": "Islas Caimán",
        "code": "KY"
    },
    {
        "name": "República Centroafricana",
        "code": "CF"
    },
    {
        "name": "Chad",
        "code": "TD"
    },
    {
        "name": "Chile",
        "code": "CL"
    },
    {
        "name": "China",
        "code": "CN"
    },
    {
        "name": "Isla de Navidad",
        "code": "CX"
    },
    {
        "name": "Islas Cocos (Keeling)",
        "code": "CC"
    },
    {
        "name": "Colombia",
        "code": "CO"
    },
    {
        "name": "Comoras",
        "code": "KM"
    },
    {
        "name": "Congo",
        "code": "CG"
    },
    {
        "name": "Congo, la República Democrática del",
        "code": "CD"
    },
    {
        "name": "Islas Cook",
        "code": "CK"
    },
    {
        "name": "Costa Rica",
        "code": "CR"
    },
    {
        "name": "Côte d'Ivoire",
        "code": "CI"
    },
    {
        "name": "Croacia",
        "code": "HR"
    },
    {
        "name": "Cuba",
        "code": "CU"
    },
    {
        "name": "Curaçao",
        "code": "CW"
    },
    {
        "name": "Chipre",
        "code": "CY"
    },
    {
        "name": "República Checa",
        "code": "CZ"
    },
    {
        "name": "Dinamarca",
        "code": "DK"
    },
    {
        "name": "Yibuti",
        "code": "DJ"
    },
    {
        "name": "Dominica",
        "code": "DM"
    },
    {
        "name": "República Dominicana",
        "code": "DO"
    },
    {
        "name": "Ecuador",
        "code": "EC"
    },
    {
        "name": "Egipto",
        "code": "EG"
    },
    {
        "name": "El Salvador",
        "code": "SV"
    },
    {
        "name": "Guinea Ecuatorial",
        "code": "GQ"
    },
    {
        "name": "Eritrea",
        "code": "ER"
    },
    {
        "name": "Estonia",
        "code": "EE"
    },
    {
        "name": "Etiopía",
        "code": "ET"
    },
    {
        "name": "Islas Malvinas (Falkland)",
        "code": "FK"
    },
    {
        "name": "Islas Feroe",
        "code": "FO"
    },
    {
        "name": "Fiyi",
        "code": "FJ"
    },
    {
        "name": "Finlandia",
        "code": "FI"
    },
    {
        "name": "Francia",
        "code": "FR"
    },
    {
        "name": "Guayana Francesa",
        "code": "GF"
    },
    {
        "name": "Polinesia Francesa",
        "code": "PF"
    },
    {
        "name": "Territorios Australes Franceses",
        "code": "TF"
    },
    {
        "name": "Gabón",
        "code": "GA"
    },
    {
        "name": "Gambia",
        "code": "GM"
    },
    {
        "name": "Georgia",
        "code": "GE"
    },
    {
        "name": "Alemania",
        "code": "DE"
    },
    {
        "name": "Ghana",
        "code": "GH"
    },
    {
        "name": "Gibraltar",
        "code": "GI"
    },
    {
        "name": "Grecia",
        "code": "GR"
    },
    {
        "name": "Groenlandia",
        "code": "GL"
    },
    {
        "name": "Granada",
        "code": "GD"
    },
    {
        "name": "Guadalupe",
        "code": "GP"
    },
    {
        "name": "Guam",
        "code": "GU"
    },
    {
        "name": "Guatemala",
        "code": "GT"
    },
    {
        "name": "Guernesey",
        "code": "GG"
    },
    {
        "name": "Guinea",
        "code": "GN"
    },
    {
        "name": "Guinea-Bisáu",
        "code": "GW"
    },
    {
        "name": "Guyana",
        "code": "GY"
    },
    {
        "name": "Haití",
        "code": "HT"
    },
    {
        "name": "Islas Heard y McDonald",
        "code": "HM"
    },
    {
        "name": "Santa Sede (Estado de la Ciudad del Vaticano)",
        "code": "VA"
    },
    {
        "name": "Honduras",
        "code": "HN"
    },
    {
        "name": "Hong Kong",
        "code": "HK"
    },
    {
        "name": "Hungría",
        "code": "HU"
    },
    {
        "name": "Islandia",
        "code": "IS"
    },
    {
        "name": "India",
        "code": "IN"
    },
    {
        "name": "Indonesia",
        "code": "ID"
    },
    {
        "name": "Irán, República Islámica de",
        "code": "IR"
    },
    {
        "name": "Iraq",
        "code": "IQ"
    },
    {
        "name": "Irlanda",
        "code": "IE"
    },
    {
        "name": "Isle of Man",
        "code": "IM"
    },
    {
        "name": "Israel",
        "code": "IL"
    },
    {
        "name": "Italia",
        "code": "IT"
    },
    {
        "name": "Jamaica",
        "code": "JM"
    },
    {
        "name": "Japón",
        "code": "JP"
    },
    {
        "name": "Jersey",
        "code": "JE"
    },
    {
        "name": "Jordania",
        "code": "JO"
    },
    {
        "name": "Kazajistán",
        "code": "KZ"
    },
    {
        "name": "Kenia",
        "code": "KE"
    },
    {
        "name": "Kiribati",
        "code": "KI"
    },
    {
        "name": "Corea del Norte",
        "code": "KP"
    },
    {
        "name": "Corea del Sur",
        "code": "KR"
    },
    {
        "name": "Kuwait",
        "code": "KW"
    },
    {
        "name": "Kirguistán",
        "code": "KG"
    },
    {
        "name": "Laos",
        "code": "LA"
    },
    {
        "name": "Letonia",
        "code": "LV"
    },
    {
        "name": "Líbano",
        "code": "LB"
    },
    {
        "name": "Lesoto",
        "code": "LS"
    },
    {
        "name": "Liberia",
        "code": "LR"
    },
    {
        "name": "Libia",
        "code": "LY"
    },
    {
        "name": "Liechtenstein",
        "code": "LI"
    },
    {
        "name": "Lituania",
        "code": "LT"
    },
    {
        "name": "Luxemburgo",
        "code": "LU"
    },
    {
        "name": "Macao",
        "code": "MO"
    },
    {
        "name": "Macedonia, the Former Yugoslav Republic of",
        "code": "MK"
    },
    {
        "name": "Madagascar",
        "code": "MG"
    },
    {
        "name": "Malawi",
        "code": "MW"
    },
    {
        "name": "Malaysia",
        "code": "MY"
    },
    {
        "name": "Maldives",
        "code": "MV"
    },
    {
        "name": "Mali",
        "code": "ML"
    },
    {
        "name": "Malta",
        "code": "MT"
    },
    {
        "name": "Marshall Islands",
        "code": "MH"
    },
    {
        "name": "Martinique",
        "code": "MQ"
    },
    {
        "name": "Mauritania",
        "code": "MR"
    },
    {
        "name": "Mauritius",
        "code": "MU"
    },
    {
        "name": "Mayotte",
        "code": "YT"
    },
    {
        "name": "Mexico",
        "code": "MX"
    },
    {
        "name": "Micronesia, Federated States of",
        "code": "FM"
    },
    {
        "name": "Moldova, Republic of",
        "code": "MD"
    },
    {
        "name": "Monaco",
        "code": "MC"
    },
    {
        "name": "Mongolia",
        "code": "MN"
    },
    {
        "name": "Montenegro",
        "code": "ME"
    },
    {
        "name": "Montserrat",
        "code": "MS"
    },
    {
        "name": "Morocco",
        "code": "MA"
    },
    {
        "name": "Mozambique",
        "code": "MZ"
    },
    {
        "name": "Myanmar",
        "code": "MM"
    },
    {
        "name": "Namibia",
        "code": "NA"
    },
    {
        "name": "Nauru",
        "code": "NR"
    },
    {
        "name": "Nepal",
        "code": "NP"
    },
    {
        "name": "Netherlands",
        "code": "NL"
    },
    {
        "name": "New Caledonia",
        "code": "NC"
    },
    {
        "name": "New Zealand",
        "code": "NZ"
    },
    {
        "name": "Nicaragua",
        "code": "NI"
    },
    {
        "name": "Niger",
        "code": "NE"
    },
    {
        "name": "Nigeria",
        "code": "NG"
    },
    {
        "name": "Niue",
        "code": "NU"
    },
    {
        "name": "Norfolk Island",
        "code": "NF"
    },
    {
        "name": "Northern Mariana Islands",
        "code": "MP"
    },
    {
        "name": "Norway",
        "code": "NO"
    },
    {
        "name": "Oman",
        "code": "OM"
    },
    {
        "name": "Pakistan",
        "code": "PK"
    },
    {
        "name": "Palau",
        "code": "PW"
    },
    {
        "name": "Palestine, State of",
        "code": "PS"
    },
    {
        "name": "Panama",
        "code": "PA"
    },
    {
        "name": "Papua New Guinea",
        "code": "PG"
    },
    {
        "name": "Paraguay",
        "code": "PY"
    },
    {
        "name": "Peru",
        "code": "PE"
    },
    {
        "name": "Philippines",
        "code": "PH"
    },
    {
        "name": "Pitcairn",
        "code": "PN"
    },
    {
        "name": "Poland",
        "code": "PL"
    },
    {
        "name": "Portugal",
        "code": "PT"
    },
    {
        "name": "Puerto Rico",
        "code": "PR"
    },
    {
        "name": "Qatar",
        "code": "QA"
    },
    {
        "name": "Réunion",
        "code": "RE"
    },
    {
        "name": "Romania",
        "code": "RO"
    },
    {
        "name": "Russian Federation",
        "code": "RU"
    },
    {
        "name": "Rwanda",
        "code": "RW"
    },
    {
        "name": "Saint Barthélemy",
        "code": "BL"
    },
    {
        "name": "Saint Helena, Ascension and Tristan da Cunha",
        "code": "SH"
    },
    {
        "name": "Saint Kitts and Nevis",
        "code": "KN"
    },
    {
        "name": "Saint Lucia",
        "code": "LC"
    },
    {
        "name": "Saint Martin (French part)",
        "code": "MF"
    },
    {
        "name": "Saint Pierre and Miquelon",
        "code": "PM"
    },
    {
        "name": "Saint Vincent and the Grenadines",
        "code": "VC"
    },
    {
        "name": "Samoa",
        "code": "WS"
    },
    {
        "name": "San Marino",
        "code": "SM"
    },
    {
        "name": "Sao Tome and Principe",
        "code": "ST"
    },
    {
        "name": "Saudi Arabia",
        "code": "SA"
    },
    {
        "name": "Senegal",
        "code": "SN"
    },
    {
        "name": "Serbia",
        "code": "RS"
    },
    {
        "name": "Seychelles",
        "code": "SC"
    },
    {
        "name": "Sierra Leone",
        "code": "SL"
    },
    {
        "name": "Singapore",
        "code": "SG"
    },
    {
        "name": "Sint Maarten (Dutch part)",
        "code": "SX"
    },
    {
        "name": "Slovakia",
        "code": "SK"
    },
    {
        "name": "Slovenia",
        "code": "SI"
    },
    {
        "name": "Solomon Islands",
        "code": "SB"
    },
    {
        "name": "Somalia",
        "code": "SO"
    },
    {
        "name": "South Africa",
        "code": "ZA"
    },
    {
        "name": "South Georgia and the South Sandwich Islands",
        "code": "GS"
    },
    {
        "name": "South Sudan",
        "code": "SS"
    },
    {
        "name": "España",
        "code": "ES"
    },
    {
        "name": "Sri Lanka",
        "code": "LK"
    },
    {
        "name": "Sudan",
        "code": "SD"
    },
    {
        "name": "Suriname",
        "code": "SR"
    },
    {
        "name": "Svalbard and Jan Mayen",
        "code": "SJ"
    },
    {
        "name": "Eswatini",
        "code": "SZ"
    },
    {
        "name": "Suecia",
        "code": "SE"
    },
    {
        "name": "Suiza",
        "code": "CH"
    },
    {
        "name": "República Árabe Siria",
        "code": "SY"
    },
    {
        "name": "Taiwán",
        "code": "TW"
    },
    {
        "name": "Tayikistán",
        "code": "TJ"
    },
    {
        "name": "Tanzania",
        "code": "TZ"
    },
    {
        "name": "Tailandia",
        "code": "TH"
    },
    {
        "name": "Timor Oriental",
        "code": "TL"
    },
    {
        "name": "Togo",
        "code": "TG"
    },
    {
        "name": "Tokelau",
        "code": "TK"
    },
    {
        "name": "Tonga",
        "code": "TO"
    },
    {
        "name": "Trinidad and Tobago",
        "code": "TT"
    },
    {
        "name": "Tunisia",
        "code": "TN"
    },
    {
        "name": "Turquía",
        "code": "TR"
    },
    {
        "name": "Turkmenistán",
        "code": "TM"
    },
    {
        "name": "Turks and Caicos Islands",
        "code": "TC"
    },
    {
        "name": "Tuvalu",
        "code": "TV"
    },
    {
        "name": "Uganda",
        "code": "UG"
    },
    {
        "name": "Ukraine",
        "code": "UA"
    },
    {
        "name": "United Arab Emirates",
        "code": "AE"
    },
    {
        "name": "United Kingdom",
        "code": "GB"
    },
    {
        "name": "United States",
        "code": "US"
    },
    {
        "name": "United States Minor Outlying Islands",
        "code": "UM"
    },
    {
        "name": "Uruguay",
        "code": "UY"
    },
    {
        "name": "Uzbekistan",
        "code": "UZ"
    },
    {
        "name": "Vanuatu",
        "code": "VU"
    },
    {
        "name": "Venezuela, Bolivarian Republic of",
        "code": "VE"
    },
    {
        "name": "Viet Nam",
        "code": "VN"
    },
    {
        "name": "Virgin Islands, British",
        "code": "VG"
    },
    {
        "name": "Virgin Islands, U.S.",
        "code": "VI"
    },
    {
        "name": "Wallis and Futuna",
        "code": "WF"
    },
    {
        "name": "Western Sahara",
        "code": "EH"
    },
    {
        "name": "Yemen",
        "code": "YE"
    },
    {
        "name": "Zambia",
        "code": "ZM"
    },
    {
        "name": "Zimbabwe",
        "code": "ZW"
    }
]